{"model":{"version":2,"nodes":[{"name":"RootNode","position":[0,0,0],"rotation":[0,0,0],"scale":[1,1,1]},{"name":"Plane.001","position":[0,0,-0.001],"rotation":[90,-1.05949e-21,8.65142e-06],"scale":[1,1,1]}],"parents":[-1,0],"skins":[],"vertices":[{"position":{"type":"float32","components":3,"data":[1,1,0,-1,1,0,-1,-1,0,1,-1,0,-1,-0.999,-8.74228e-08,-1,1.001,-8.74228e-08,1,-0.999,8.74228e-08,1,1.001,8.74228e-08]},"normal":{"type":"float32","components":3,"data":[0,0,1,0,0,1,0,0,1,0,0,1,8.74228e-08,0,-1,8.74228e-08,0,-1,8.74228e-08,0,-1,8.74228e-08,0,-1]},"texCoord0":{"type":"float32","components":2,"data":[0.992808,0.995933,0.00719211,0.995933,0.00719211,0.0103171,0.992808,0.0103171,0.00865998,0.0117851,0.99134,0.0117851,0.00866007,0.994465,0.99134,0.994465]}}],"meshes":[{"aabb":{"min":[-1,-1,-8.74228e-08],"max":[1,1.001,8.74228e-08]},"vertices":0,"indices":[0,1,2,0,2,3,4,5,6,6,5,7],"type":"triangles","base":0,"count":12}],"meshInstances":[{"node":1,"mesh":0}]}}